{"cameraMode":{"drawMode":0,"name":"Shaded","section":"Shading Mode"},"sceneLighting":false,"audioPlay":false,"sceneViewState":{"showFog":true,"showMaterialUpdate":false,"showSkybox":false,"showFlares":true,"showImageEffects":true,"showParticleSystems":true},"in2DMode":false,"pivot":{"x":1.1700000762939454,"y":2.5355000495910646,"z":1.2010000944137574},"rotation":{"x":-0.023623470216989518,"y":0.9715141654014587,"z":-0.11006569117307663,"w":-0.20861056447029115},"size":15.289088249206543,"orthographic":false}